trade_date,open,high,low,close,volume,change_pct,article_count,avg_sentiment,max_sentiment,min_sentiment,sentiment_std,bullish_ratio,push_net_avg,news_article_count,news_avg_sentiment,news_max_sentiment,news_min_sentiment,news_sentiment_std,news_bullish_ratio,news_available,sma_5,sma_20,ema_12,volume_change_pct,price_vs_sma_5,price_vs_sma_20,intraday_volatility,volatility_5d,sentiment_lag1,sentiment_lag2,sentiment_lag3,sentiment_momentum,article_count_ma3,discussion_heat,news_sentiment_lag1,news_sentiment_lag2,sentiment_divergence,next_change_pct,label
2025-03-07,985.63,990.53,980.73,985.63,40822280,0.0,0.0,0.0,0.0,0.0,0.0,0.0,0.0,0.0,0.0,0.0,0.0,0.0,0.0,0.0,990.534,1045.4550000000002,1017.990438123017,-9.659272263977947,-0.4950864887020533,-5.722388816352702,0.9942879173726403,1.6914786430812545,0.0,0.0,0.0,0.0,0.0,0.0,0.0,0.0,0.0,-0.7,0.0
2025-03-10,985.63,985.63,972.88,978.77,46849886,-0.7,7.0,-0.2214,0.85,-0.85,0.5139,0.1429,10.5714,0.0,0.0,0.0,0.0,0.0,0.0,0.0,986.22,1039.2275,1011.9565245656298,14.765481006940329,-0.7554095435095664,-5.81754235718358,1.3026553735811273,1.5479922480426063,0.0,0.0,0.0,-0.042171428571428575,2.3333333333333335,3.0,0.0,0.0,-0.2214,-2.71,0.0
2025-03-11,950.32,960.13,944.44,952.29,50204233,-2.71,2.0,0.0,0.0,0.0,0.0,0.0,176.0,0.0,0.0,0.0,0.0,0.0,0.0,0.0,980.5319999999999,1032.657,1002.7770592478405,7.159776226563275,-2.8802731578367626,-7.782545414401874,1.6476073465015846,1.7561406549590504,-0.2214,0.0,0.0,-0.042171428571428575,3.0,0.6666666666666666,0.0,0.0,0.0,1.75,1.0
2025-03-12,961.11,975.82,957.19,968.96,34184887,1.75,1.0,-0.3,-0.3,-0.3,0.0,0.0,50.0,0.0,0.0,0.0,0.0,0.0,0.0,0.0,974.256,1026.6745,997.5744347481727,-31.90835720964007,-0.5435942914387939,-5.621499316482492,1.9226799867899598,1.6656920483690862,0.0,-0.2214,0.0,-0.0993142857142857,3.3333333333333335,0.3,0.0,0.0,-0.3,-2.33,0.0
2025-03-13,980.73,985.63,946.4,946.4,37035693,-2.33,2.0,0.0,0.8,-0.8,1.1314,0.5,13.0,0.0,0.0,0.0,0.0,0.0,0.0,0.0,966.4100000000001,1020.0545,989.7014447869154,8.339375233271952,-2.0705497666621935,-7.220643602866317,4.145181741335589,1.8125589645581195,-0.3,0.0,-0.2214,-0.025514285714285698,1.6666666666666667,1.2,0.0,0.0,0.0,-0.62,0.0
2025-03-14,946.4,950.32,936.59,940.52,34333748,-0.62,0.0,0.0,0.0,0.0,0.0,0.0,0.0,0.0,0.0,0.0,0.0,0.0,0.0,0.0,957.3879999999999,1013.631,982.1350686658516,-7.295516246989086,-1.7618771072960953,-7.212782560912205,1.459830731935527,1.764899430562547,0.0,-0.3,0.0,-0.025514285714285725,1.0,0.0,0.0,0.0,0.0,1.15,1.0
2025-03-17,958.17,966.02,949.34,951.3,31491061,1.15,1.0,0.4,0.4,0.4,0.0,1.0,67.0,0.0,0.0,0.0,0.0,0.0,0.0,0.0,951.894,1009.2175,977.3912119480282,-8.27957087586243,-0.062401906094591515,-5.738852130487236,1.7533900977609536,2.001179652105228,0.0,0.0,-0.3,0.15067619047619046,1.0,1.0,0.0,0.0,0.4,0.57,1.0
2025-03-18,961.65,963.62,953.77,956.72,21575327,0.57,0.0,0.0,0.0,0.0,0.0,0.0,0.0,0.0,0.0,0.0,0.0,0.0,0.0,0.0,952.7800000000001,1003.8489999999999,974.2110254944853,-31.487456075233546,0.41352673229916037,-4.694829600866257,1.0295593277029875,1.6178009766346424,0.4,0.0,0.0,0.15067619047619046,0.3333333333333333,0.0,0.0,0.0,0.0,-1.96,0.0
2025-03-19,950.81,952.78,936.03,938.0,35245036,-1.96,0.0,0.0,0.0,0.0,0.0,0.0,0.0,0.0,0.0,0.0,0.0,0.0,0.0,0.0,946.5880000000001,996.809,968.6400984953336,63.35806173412806,-0.9072584904942887,-5.899726025748159,1.7857142857142856,1.5220939524221238,0.0,0.4,0.0,0.11904761904761904,0.3333333333333333,0.0,0.0,0.0,0.0,3.47,1.0
2025-03-20,963.62,970.52,956.72,970.52,28715956,3.47,0.0,0.0,0.0,0.0,0.0,0.0,0.0,0.0,0.0,0.0,0.0,0.0,0.0,0.0,951.412,991.8855,968.9293141114362,-18.52482148124348,2.0083833291991215,-2.154028867243245,1.4219181469727522,2.034200088486873,0.0,0.0,0.4,-0.014285714285714287,0.0,0.0,0.0,0.0,0.0,-1.32,0.0
2025-03-24,971.5,972.49,957.71,957.71,16121506,0.0,0.0,0.0,0.0,0.0,0.0,0.0,0.0,0.0,0.0,0.0,0.0,0.0,0.0,0.0,956.132,981.0024999999999,965.7427633578923,-58.88935220465601,0.1650399735601453,-2.374356844146667,1.5432646625805277,2.11153261873929,0.0,0.0,0.0,-0.05714285714285714,0.0,0.0,0.0,0.0,0.0,1.85,1.0
2025-03-25,974.46,980.37,970.52,975.44,26167428,1.85,1.0,0.6,0.6,0.6,0.0,1.0,5.0,0.0,0.0,0.0,0.0,0.0,0.0,0.0,959.876,977.0604999999999,967.2346459182165,62.31379376095509,1.6214594385108159,-0.16585462210373658,1.0098007053227285,2.2480591629225426,0.0,0.0,0.0,0.057142857142857134,0.3333333333333333,3.0,0.0,0.0,0.6,-1.01,0.0
2025-03-26,980.37,980.37,965.59,965.59,21735917,-1.01,0.0,0.0,0.0,0.0,0.0,0.0,0.0,0.0,0.0,0.0,0.0,0.0,0.0,0.0,965.394,973.6065000000001,966.9816234692601,-16.935218088686444,0.020302591480786746,-0.8233819309957426,1.5306703673401727,2.027182774196743,0.6,0.0,0.0,0.11428571428571428,0.3333333333333333,0.0,0.0,0.0,0.0,-2.24,0.0
2025-03-27,946.87,949.83,943.92,943.92,34563256,-2.24,0.0,0.0,0.0,0.0,0.0,0.0,0.0,0.0,0.0,0.0,0.0,0.0,0.0,0.0,960.074,968.824,963.4336813970663,59.01448280281896,-1.6825786345635856,-2.5705391278498464,0.6261123824052973,1.559079856838643,0.0,0.6,0.0,0.11428571428571428,0.3333333333333333,0.0,0.0,0.0,0.0,-0.63,0.0
2025-03-28,932.09,940.96,932.09,938.0,33101234,-0.63,1.0,-0.9,-0.9,-0.9,0.0,0.0,1.0,0.0,0.0,0.0,0.0,0.0,0.0,0.0,956.132,964.726,959.520807335979,-4.229989211664553,-1.896390874900113,-2.7703202774673845,0.9456289978678043,1.502740829284945,0.0,0.0,0.6,-0.2571428571428571,0.3333333333333333,3.0,0.0,0.0,-0.9,-4.41,0.0
2025-03-31,906.47,910.42,896.62,896.62,51064611,-4.41,11.0,0.1455,0.5,-0.9,0.5336,0.7273,42.3636,0.0,0.0,0.0,0.0,0.0,0.0,0.0,943.914,959.5400000000002,949.8437600535208,54.267997984606865,-5.010414084333952,-6.557308710423763,1.5391135598135168,2.2918595070378993,-0.9,0.0,0.0,-0.2294285714285714,4.0,2.75,0.0,0.0,0.1455,3.74,1.0
2025-04-02,935.05,938.0,924.21,928.15,24849656,-0.21,0.0,0.0,0.0,0.0,0.0,0.0,0.0,0.0,0.0,0.0,0.0,0.0,0.0,0.0,927.3619999999999,953.4,943.9386684406866,-22.821767184243168,0.08497221149886719,-2.648416194671701,1.48575122555621,3.0034063994071802,-0.9,0.1455,-0.9,-0.10085714285714284,4.0,0.0,0.0,0.0,0.0,-9.98,0.0
2025-04-07,835.53,835.53,835.53,835.53,23820773,-9.98,5.0,0.26,0.5,0.0,0.2408,0.6,28.2,0.0,0.0,0.0,0.0,0.0,0.0,0.0,905.684,945.8950000000001,927.260411757504,-4.140431561708535,-7.745968792647324,-11.667785536449617,0.0,5.173806142483501,0.0,-0.9,0.1455,-0.014119047619047614,2.0,2.5,0.0,0.0,0.26,-3.77,0.0
2025-04-08,785.28,830.61,785.28,804.0,116648736,-3.77,5.0,0.24,0.5,-0.1,0.2793,0.6,16.8,0.0,0.0,0.0,0.0,0.0,0.0,0.0,878.884,936.8135,908.2972714871188,389.69332775221017,-8.52035080852536,-14.177154791215111,5.638059701492542,5.110912834318348,0.26,0.0,-0.9,0.33159523809523817,3.3333333333333335,1.5,0.0,0.0,0.24,-3.8,0.0
2025-04-09,797.11,813.86,768.53,773.46,107582838,-3.8,3.0,-0.1667,0.3,-0.4,0.4041,0.3333,40.0,0.0,0.0,0.0,0.0,0.0,0.0,0.0,854.2520000000001,926.548,887.5530758737159,-7.771964198566195,-9.457630769374848,-16.522403588373184,5.860677992397802,5.073778670773884,0.24,0.26,0.0,0.2998428571428572,4.333333333333333,0.6923076923076924,0.0,0.0,-0.1667,9.94,1.0
2025-04-10,850.31,850.31,850.31,850.31,19416428,9.94,1.0,-0.7,-0.7,-0.7,0.0,0.0,1.0,0.0,0.0,0.0,0.0,0.0,0.0,0.0,838.29,921.4490000000002,881.8233718931442,-81.95211396077876,1.4338713333094733,-7.720340463769587,0.0,7.329231201156094,-0.1667,0.24,0.26,-0.0487285714285714,3.0,0.3333333333333333,0.0,0.0,-0.7,3.01,1.0
2025-04-11,835.53,875.93,823.71,875.93,76103586,3.01,2.0,0.0,0.0,0.0,0.0,0.0,99.5,0.0,0.0,0.0,0.0,0.0,0.0,0.0,827.8459999999999,916.7974999999999,880.916699294199,291.9546169872234,5.808326669453022,-4.4576365009721295,5.961663603255959,7.613885341926289,-0.7,-0.1667,0.24,-0.10794285714285712,2.0,1.0,0.0,0.0,0.0,-2.7,0.0
2025-04-14,881.84,889.72,852.28,852.28,66326054,-2.7,0.0,0.0,0.0,0.0,0.0,0.0,0.0,0.0,0.0,0.0,0.0,0.0,0.0,0.0,831.1960000000001,912.0915000000001,876.5110532489376,-12.84766265810392,2.5365858353504867,-6.557620589600948,4.392922513727889,5.965947535806864,0.0,-0.7,-0.1667,-0.18094761904761902,1.0,0.0,0.0,0.0,0.0,1.39,1.0
2025-04-15,861.15,866.08,852.28,864.11,30562095,1.39,0.0,0.0,0.0,0.0,0.0,0.0,0.0,0.0,0.0,0.0,0.0,0.0,0.0,0.0,843.2180000000001,908.2710000000001,874.6031989029473,-53.92143334804751,2.477651093785941,-4.862095123591974,1.5970188980569682,5.459685888400539,0.0,0.0,-0.7,0.05238571428571429,0.6666666666666666,0.0,0.0,0.0,0.0,-2.51,0.0
2025-04-16,854.25,856.22,839.47,842.43,42128082,-2.51,0.0,0.0,0.0,0.0,0.0,0.0,0.0,0.0,0.0,0.0,0.0,0.0,0.0,0.0,857.0120000000001,902.8275000000001,869.6534759948015,37.84422173938011,-1.7014930946124565,-6.689816160894539,1.9882957634462213,5.165136009825877,0.0,0.0,0.0,0.08952857142857143,0.0,0.0,0.0,0.0,0.0,-0.94,0.0
2025-04-18,840.46,845.39,837.5,837.5,20101219,0.35,1.0,0.0,0.0,0.0,0.0,0.0,309.0,0.0,0.0,0.0,0.0,0.0,0.0,0.0,846.174,891.6940000000001,860.1371041146211,-40.32502246878995,-1.0250846752559142,-6.077645470307086,0.9420895522388043,1.777546061287861,0.0,0.0,0.0,0.1,0.3333333333333333,3.0,0.0,0.0,0.0,-1.76,0.0
2025-04-21,831.59,834.55,819.77,822.72,18415705,-1.76,1.0,0.5,0.5,0.5,0.0,1.0,75.0,0.0,0.0,0.0,0.0,0.0,0.0,0.0,840.2620000000001,884.3039999999999,854.3806265585256,-8.38513325982867,-2.0876821753215102,-6.96412093578677,1.7964799688836994,1.5754142312420527,0.0,0.0,0.0,0.09523809523809525,0.6666666666666666,1.5,0.0,0.0,0.5,-2.28,0.0
2025-04-22,813.86,816.81,804.0,804.0,28888527,-2.28,0.0,0.0,0.0,0.0,0.0,0.0,0.0,0.0,0.0,0.0,0.0,0.0,0.0,0.0,828.24,876.6184999999999,846.629760934137,56.86897134809663,-2.9266879165459296,-8.283934231367457,1.5932835820895455,1.162570427974146,0.5,0.0,0.0,0.09523809523809525,0.6666666666666666,0.0,0.0,0.0,0.0,6.99,1.0
2025-04-23,840.46,860.16,835.53,860.16,37863656,6.99,0.0,0.0,0.0,0.0,0.0,0.0,0.0,0.0,0.0,0.0,0.0,0.0,0.0,0.0,831.7860000000001,871.741,848.711336175039,31.068143419011985,3.4112139420475827,-1.328490916453398,2.8634207589285707,3.776515589799675,0.0,0.5,0.0,0.09523809523809525,0.3333333333333333,0.0,0.0,0.0,0.0,-1.03,0.0
2025-04-24,872.97,872.97,846.37,851.3,32238198,-1.03,1.0,0.6,0.6,0.6,0.0,1.0,69.0,0.0,0.0,0.0,0.0,0.0,0.0,0.0,835.1360000000001,865.534,849.10959214811,-14.857144275766709,1.935493141236861,-1.6445338946823624,3.1246329143662663,3.785132758570033,0.0,0.0,0.5,0.04285714285714287,0.3333333333333333,3.0,0.0,0.0,0.6,2.78,1.0
2025-04-25,886.77,887.75,872.97,874.94,34640282,2.78,0.0,0.0,0.0,0.0,0.0,0.0,0.0,0.0,0.0,0.0,0.0,0.0,0.0,0.0,842.624,861.0015,853.0835010484006,7.4510492180735355,3.8351625398754403,1.6188705826877294,1.689258692024593,3.921970168168033,0.6,0.0,0.0,0.04285714285714287,0.3333333333333333,0.0,0.0,0.0,0.0,1.01,1.0
2025-04-28,884.8,884.8,879.87,883.81,21830091,1.01,0.0,0.0,0.0,0.0,0.0,0.0,0.0,0.0,0.0,0.0,0.0,0.0,0.0,0.0,854.842,857.9960000000001,857.810654733262,-36.98061984599317,3.3886963906780387,3.0086387349124992,0.5578121994546283,3.630004132229051,0.0,0.6,0.0,0.04285714285714287,0.3333333333333333,0.0,0.0,0.0,0.0,0.56,1.0
2025-04-29,883.81,888.74,879.87,888.74,24362874,0.56,0.0,0.0,0.0,0.0,0.0,0.0,0.0,0.0,0.0,0.0,0.0,0.0,0.0,0.0,871.79,855.533,862.5690155435294,11.602255803697759,1.9442755709517252,3.881439991210157,0.9980421720638212,3.070988440225717,0.0,0.0,0.6,-0.1571428571428571,0.0,0.0,0.0,0.0,0.0,0.67,1.0
2025-04-30,887.75,894.65,885.78,894.65,35405654,0.67,0.0,0.0,0.0,0.0,0.0,0.0,0.0,0.0,0.0,0.0,0.0,0.0,0.0,0.0,878.6880000000001,855.4345,867.5045516137557,45.32626158966302,1.8165719800429587,4.584278515771812,0.991449170066507,1.3590327442707129,0.0,0.0,0.0,-0.0857142857142857,0.0,0.0,0.0,0.0,0.0,4.63,1.0
2025-05-02,924.21,936.03,918.3,936.03,43873135,4.63,0.0,0.0,0.0,0.0,0.0,0.0,0.0,0.0,0.0,0.0,0.0,0.0,0.0,0.0,895.634,855.7299999999999,878.0469282885624,23.915618110034064,4.510324529886088,9.383800965257743,1.8941700586519683,1.7552350269978043,0.0,0.0,0.0,-0.0857142857142857,0.0,0.0,0.0,0.0,0.0,-1.26,0.0
2025-05-05,941.94,942.93,909.43,924.21,52770209,-1.26,0.0,0.0,0.0,0.0,0.0,0.0,0.0,0.0,0.0,0.0,0.0,0.0,0.0,0.0,905.4879999999999,855.533,885.1489393210912,20.279093344936495,2.067614369268295,8.02739344946367,3.6247173261488186,2.151318200545885,0.0,0.0,0.0,-0.0857142857142857,0.0,0.0,0.0,0.0,0.0,-1.92,0.0
2025-05-06,902.53,916.33,902.53,906.47,37538894,-1.92,0.0,0.0,0.0,0.0,0.0,0.0,0.0,0.0,0.0,0.0,0.0,0.0,0.0,0.0,910.0200000000001,859.0800000000002,888.4291025024618,-28.86347294929228,-0.39010131645459084,5.51636634539273,1.5223890476243083,2.551319266575625,0.0,0.0,0.0,0.0,0.0,0.0,0.0,0.0,0.0,0.87,1.0
2025-05-07,911.4,918.3,897.61,914.36,36907620,0.87,0.0,0.0,0.0,0.0,0.0,0.0,0.0,0.0,0.0,0.0,0.0,0.0,0.0,0.0,915.144,864.598,892.4184713482368,-1.681653167512076,-0.0856695776839483,5.755507183685373,2.262784898726972,2.5558110258780844,0.0,0.0,0.0,0.0,0.0,0.0,0.0,0.0,0.0,-1.08,0.0
2025-05-08,919.28,925.19,904.5,904.5,27985917,-1.08,0.0,0.0,0.0,0.0,0.0,0.0,0.0,0.0,0.0,0.0,0.0,0.0,0.0,0.0,917.1139999999999,871.15,894.2771680638928,-24.17306507436676,-1.3754015313254317,3.828272972507608,2.287451630735219,2.6611407328437156,0.0,0.0,0.0,0.0,0.0,0.0,0.0,0.0,0.0,3.38,1.0
2025-05-09,924.21,935.05,920.27,935.05,36383573,3.38,0.0,0.0,0.0,0.0,0.0,0.0,0.0,0.0,0.0,0.0,0.0,0.0,0.0,0.0,916.918,875.3870000000001,900.5499114386785,30.00672088036278,1.9774941706891944,6.815614122668019,1.580664135607719,2.1576422316964385,0.0,0.0,0.0,0.0,0.0,0.0,0.0,0.0,0.0,0.84,1.0
2025-05-12,939.97,947.86,938.0,942.93,23402547,0.84,1.0,0.0,0.0,0.0,0.0,0.0,235.0,0.0,0.0,0.0,0.0,0.0,0.0,0.0,920.6619999999999,878.7369999999999,907.0699250634972,-35.67826062602483,2.4186943742654776,7.305143632281344,1.0456767734614463,2.0534166649757144,0.0,0.0,0.0,0.0,0.3333333333333333,3.0,0.0,0.0,0.0,1.25,1.0
2025-05-13,975.44,975.44,954.75,954.75,38047856,1.25,0.0,0.0,0.0,0.0,0.0,0.0,0.0,0.0,0.0,0.0,0.0,0.0,0.0,0.0,930.318,883.8605,914.4053212075745,62.57997900826777,2.626198783641724,8.020439877107304,2.1670594396438916,1.5876303096124063,0.0,0.0,0.0,0.0,0.3333333333333333,0.0,0.0,0.0,0.0,3.1,1.0
2025-05-14,975.44,984.31,973.47,984.31,40475123,3.1,2.0,0.05,0.5,-0.4,0.6364,0.5,54.0,0.0,0.0,0.0,0.0,0.0,0.0,0.0,944.308,889.8705,925.15988717564,6.379510582672521,4.23611787679443,10.612723986242937,1.101279068586108,1.8199505487787253,0.0,0.0,0.0,0.009523809523809539,1.0,2.0,0.0,0.0,0.05,-0.6,0.0
2025-05-16,976.43,983.33,974.46,983.33,16878650,0.5,0.0,0.0,0.0,0.0,0.0,0.0,0.0,0.0,0.0,0.0,0.0,0.0,0.0,0.0,968.7439999999999,904.108,941.0398008772335,-31.56084172300441,1.505660938287115,8.762448734000817,0.9020369560574787,1.3515250645104533,0.5,0.05,0.0,0.10476190476190479,1.0,0.0,0.0,0.0,0.0,-1.4,0.0
2025-05-19,978.4,979.39,965.59,969.53,19906139,-1.4,0.0,0.0,0.0,0.0,0.0,0.0,0.0,0.0,0.0,0.0,0.0,0.0,0.0,0.0,974.064,910.7095000000002,945.4229084345822,17.93679589303647,-0.46547249462047585,6.4587555087544155,1.4233700865367709,1.7405458913800538,0.0,0.5,0.05,0.0880952380952381,0.3333333333333333,0.0,0.0,0.0,0.0,-0.61,0.0
2025-05-20,976.43,979.39,963.62,963.62,20897857,-0.61,0.0,0.0,0.0,0.0,0.0,0.0,0.0,0.0,0.0,0.0,0.0,0.0,0.0,0.0,975.838,917.7545,948.222460983108,4.981970637299371,-1.252052082415315,4.997578328409177,1.636537224217013,1.7575608097587938,0.0,0.0,0.5,-0.07857142857142856,0.0,0.0,0.0,0.0,0.0,1.23,1.0
2025-05-21,971.5,984.31,968.55,975.44,26248757,1.23,0.0,0.0,0.0,0.0,0.0,0.0,0.0,0.0,0.0,0.0,0.0,0.0,0.0,0.0,974.064,926.3264999999999,952.4097746780144,25.605017777660176,0.14126381839387248,5.301964264220031,1.6156811285163608,1.0368365348501123,0.0,0.0,0.0,-0.07857142857142856,0.0,0.0,0.0,0.0,0.0,-0.81,0.0
2025-05-23,978.4,978.4,960.67,969.53,22213030,0.2,0.0,0.0,0.0,0.0,0.0,0.0,0.0,0.0,0.0,0.0,0.0,0.0,0.0,0.0,969.1360000000001,937.608,957.01587417775,18.485006970245976,0.04065476878373023,3.4046211209801993,1.8287211329200765,1.0191516079563376,0.0,0.0,0.0,-0.07142857142857142,0.0,0.0,0.0,0.0,0.0,-0.81,0.0
2025-05-26,960.67,969.53,960.67,961.65,19329052,-0.81,0.0,0.0,0.0,0.0,0.0,0.0,0.0,0.0,0.0,0.0,0.0,0.0,0.0,0.0,967.5600000000001,941.9435000000001,957.7288166119423,-12.983271530268492,-0.6108148331886479,2.0921106202229636,0.92133312535746,0.8816461875378286,0.0,0.0,0.0,0.0,0.0,0.0,0.0,0.0,0.0,-1.13,0.0
2025-05-29,971.5,971.5,952.78,952.78,48602590,0.0,0.0,0.0,0.0,0.0,0.0,0.0,0.0,0.0,0.0,0.0,0.0,0.0,0.0,0.0,957.51,951.402,955.5611264954462,83.60323144111072,-0.49398961890737625,0.14483887988462593,1.9647767585381755,0.6222780728902382,0.0,0.0,0.0,0.0,0.0,0.0,0.0,0.0,0.0,-2.17,0.0
2025-06-03,945.89,950.81,936.03,936.03,26020787,0.42,0.0,0.0,0.0,0.0,0.0,0.0,0.0,0.0,0.0,0.0,0.0,0.0,0.0,0.0,944.8979999999999,951.7959999999999,949.500924887272,-22.733126956055514,-0.938513998336322,-1.6564473899869263,1.5790092197899612,1.0932200144527127,0.0,0.0,0.0,0.0,0.0,0.0,0.0,0.0,0.0,4.21,1.0
2025-06-04,959.68,975.44,955.74,975.44,37233567,4.21,0.0,0.0,0.0,0.0,0.0,0.0,0.0,0.0,0.0,0.0,0.0,0.0,0.0,0.0,949.824,955.2445,953.4915518276916,43.09162516875451,2.696920692675706,2.114170769891901,2.019601410645457,2.303677494789578,0.0,0.0,0.0,0.0,0.0,0.0,0.0,0.0,0.0,0.81,1.0
2025-06-06,982.34,982.34,976.43,980.37,13670307,-0.3,1.0,0.9,0.9,0.9,0.0,1.0,-3.0,0.0,0.0,0.0,0.0,0.0,0.0,0.0,961.452,962.4865,961.5109927287023,-44.00729748340777,1.9676489309918757,1.8580520350155587,0.6028336240399117,2.3233230511489324,0.0,0.0,0.0,0.17142857142857149,0.3333333333333333,3.0,0.0,0.0,0.9,1.01,1.0
2025-06-09,990.22,995.15,985.3,990.22,21674308,1.01,0.0,0.0,0.0,0.0,0.0,0.0,0.0,0.0,0.0,0.0,0.0,0.0,0.0,0.0,973.0779999999999,965.2449999999999,965.9277630781327,58.55026518424202,1.7616265088718652,2.5874259902926346,0.9947284441841229,1.739410819789271,0.9,0.0,0.0,0.1714285714285714,0.3333333333333333,0.0,0.0,0.0,0.0,3.98,1.0
2025-06-10,1009.93,1034.56,1005.0,1029.64,44877640,3.98,0.0,0.0,0.0,0.0,0.0,0.0,0.0,0.0,0.0,0.0,0.0,0.0,0.0,0.0,991.8,969.5805,975.7296456814969,107.0545458706225,3.8152853397862616,6.194379940603185,2.870906336195169,2.0294013895727927,0.0,0.9,0.0,0.1714285714285714,0.3333333333333333,0.0,0.0,0.0,0.0,1.91,1.0
2025-06-11,1049.34,1054.27,1039.49,1049.34,37178498,1.91,2.0,0.65,0.9,0.4,0.3536,1.0,109.5,0.0,0.0,0.0,0.0,0.0,0.0,0.0,1006.5799999999999,974.3100000000001,987.0543155766512,-17.15585311527077,4.248047845178723,7.7008344366782495,1.4085043932376518,1.6025822911788283,0.0,0.0,0.9,-0.004761904761904773,0.6666666666666666,3.0,0.0,0.0,0.65,-1.46,0.0
2025-06-12,1043.9,1048.85,1034.01,1034.01,25221606,-1.46,1.0,0.8,0.8,0.8,0.0,1.0,1.0,0.0,0.0,0.0,0.0,0.0,0.0,0.0,1016.716,976.7950000000001,994.2782670263972,-32.16077206776885,1.7009666416187001,5.85742146509758,1.4351892148044911,2.0884372147613113,0.65,0.0,0.0,0.14761904761904765,1.0,1.0,0.0,0.0,0.8,-1.44,0.0
2025-06-16,1019.16,1019.16,1004.32,1014.22,28580673,-0.49,1.0,0.5,0.5,0.5,0.0,1.0,65.0,0.0,0.0,0.0,0.0,0.0,0.0,0.0,1029.274,980.3774999999999,1000.5852681076572,0.6593702668449497,-1.4625843069969573,3.451986607199787,1.4631933899942733,2.3813756528527756,0.0,0.8,0.65,0.02619047619047621,0.6666666666666666,1.5,0.0,0.0,0.5,1.95,1.0
2025-06-17,1029.06,1038.95,1024.11,1034.01,26517379,1.95,0.0,0.0,0.0,0.0,0.0,0.0,0.0,0.0,0.0,0.0,0.0,0.0,0.0,0.0,1030.148,983.6015,1005.727534552633,-7.219193193946127,0.37489758753111985,5.124890517145409,1.4351892148045131,1.7213163567456116,0.5,0.0,0.8,-0.11190476190476192,0.3333333333333333,0.0,0.0,0.0,0.0,0.96,1.0
2025-06-18,1029.06,1043.9,1019.16,1043.9,37931721,0.96,0.0,0.0,0.0,0.0,0.0,0.0,0.0,0.0,0.0,0.0,0.0,0.0,0.0,0.0,1029.06,987.6154999999999,1011.6002215445355,43.04475943870622,1.442092783705532,5.699029632483513,2.3699588083149843,1.510241702509895,0.0,0.5,0.0,-0.11190476190476192,0.3333333333333333,0.0,0.0,0.0,0.0,-1.9,0.0
2025-06-19,1034.01,1034.01,1019.16,1024.11,24002557,-1.9,0.0,0.0,0.0,0.0,0.0,0.0,0.0,0.0,0.0,0.0,0.0,0.0,0.0,0.0,1027.0800000000002,990.049,1013.5248028453761,-36.72167682557826,-0.2891692954784685,3.440334771309291,1.4500395465330895,1.6185271082067136,0.0,0.0,0.5,-0.2785714285714286,0.0,0.0,0.0,0.0,0.0,1.93,1.0
2025-06-20,1019.16,1043.9,1014.22,1043.9,57831332,1.93,0.0,0.0,0.0,0.0,0.0,0.0,0.0,0.0,0.0,0.0,0.0,0.0,0.0,0.0,1032.028,993.866,1018.1979100999337,140.93821337451672,1.1503563856794652,5.034280275208138,2.8431842130472327,1.6657280690436795,0.0,0.0,0.0,-0.18571428571428572,0.0,0.0,0.0,0.0,0.0,-3.32,0.0
2025-06-23,1014.22,1019.16,1004.32,1009.27,32143872,-3.32,1.0,0.9,0.9,0.9,0.0,1.0,-3.0,0.0,0.0,0.0,0.0,0.0,0.0,0.0,1031.038,995.8530000000001,1016.8243854691746,-44.41789443826056,-2.1112703896461653,1.3472872000184681,1.470369673130076,2.4006519947714176,0.0,0.0,0.0,0.1,0.3333333333333333,3.0,0.0,0.0,0.9,2.94,1.0
2025-06-24,1034.01,1038.95,1029.06,1038.95,28163537,2.94,0.0,0.0,0.0,0.0,0.0,0.0,0.0,0.0,0.0,0.0,0.0,0.0,0.0,0.0,1032.026,999.7180000000001,1020.2283261662246,-12.382873475852563,0.6709133297029317,3.9243066544765592,0.9519226141777852,2.638564003392752,0.9,0.0,0.0,0.1,0.3333333333333333,0.0,0.0,0.0,0.0,1.9,1.0
2025-06-27,1058.74,1068.64,1048.85,1068.64,32549027,0.47,0.0,0.0,0.0,0.0,0.0,0.0,0.0,0.0,0.0,0.0,0.0,0.0,0.0,0.0,1047.8580000000002,1016.4530000000001,1037.5760774361606,-9.728194144931546,1.9832839945870453,5.134226570239845,1.851886509956598,2.37210244298175,0.9,0.0,0.0,0.042857142857142816,0.3333333333333333,0.0,0.0,0.0,0.0,-1.85,0.0
2025-06-30,1063.69,1068.64,1048.85,1048.85,32413717,-1.85,1.0,0.9,0.9,0.9,0.0,1.0,-7.0,0.0,0.0,0.0,0.0,0.0,0.0,0.0,1055.774,1022.2909999999999,1039.3105270613667,-0.41571135137158377,-0.6558221740637654,2.5979882440518374,1.8868284311388848,1.8047797649574826,0.0,0.9,0.0,0.21428571428571425,0.6666666666666666,1.5,0.0,0.0,0.9,2.36,1.0
2025-07-08,1058.74,1068.64,1053.79,1068.64,27461252,0.0,0.0,0.0,0.0,0.0,0.0,0.0,0.0,0.0,0.0,0.0,0.0,0.0,0.0,0.0,1072.594,1049.367,1060.0605195381384,45.84263351958844,-0.3686390190510063,1.836631035662465,1.3896167090881995,0.38486361220565884,0.0,0.0,0.0,-0.1285714285714286,0.0,0.0,0.0,0.0,0.0,0.93,1.0
2025-07-09,1058.74,1078.53,1053.79,1078.53,23618216,0.93,1.0,0.5,0.5,0.5,0.0,1.0,20.0,0.0,0.0,0.0,0.0,0.0,0.0,0.0,1073.584,1050.8265000000001,1062.9019780707324,-13.994394720240722,0.4606998613988204,2.6363533846928915,2.293862943079934,0.603224667930604,0.0,0.0,0.0,0.09523809523809523,0.3333333333333333,3.0,0.0,0.0,0.5,0.92,1.0
2025-07-14,1088.43,1088.43,1073.58,1083.48,25760632,-0.45,0.0,0.0,0.0,0.0,0.0,0.0,0.0,0.0,0.0,0.0,0.0,0.0,0.0,0.0,1081.502,1060.4740000000002,1072.2029188949227,-8.811211981119849,0.18289379030275169,2.1694072650531604,1.3705836748255746,0.6168062904996895,0.0,0.0,0.5,-0.07142857142857142,1.0,0.0,0.0,0.0,0.0,1.37,1.0
2025-07-15,1083.48,1103.27,1078.53,1098.32,45416390,1.37,0.0,0.0,0.0,0.0,0.0,0.0,0.0,0.0,0.0,0.0,0.0,0.0,0.0,0.0,1087.4379999999999,1063.6895,1076.2209313726269,76.30153639087736,1.00070072960482,3.255696328674861,2.252531138466022,0.7510193073416868,0.0,0.0,0.0,-0.07142857142857142,1.0,0.0,0.0,0.0,0.0,1.8,1.0
2025-07-17,1118.11,1123.06,1103.27,1118.11,30648595,0.0,1.0,-0.4,-0.4,-0.4,0.0,0.0,99.0,0.0,0.0,0.0,0.0,0.0,0.0,0.0,1101.29,1072.1,1088.1184183200464,-1.177374817351129,1.5272998029583431,4.29157727823897,1.7699510781586756,0.979760174736648,0.4833,0.0,0.0,-0.05556190476190476,1.3333333333333333,0.75,0.0,0.0,-0.4,2.21,1.0
2025-07-21,1132.95,1137.9,1123.06,1137.9,26749324,-0.43,1.0,0.55,0.55,0.55,0.0,1.0,30.0,0.0,0.0,0.0,0.0,0.0,0.0,0.0,1123.058,1083.4789999999998,1102.9019444776663,-42.65343659091341,1.321570212758388,5.022801549453223,1.3041567800334075,1.1494998912570573,0.15,-0.4,0.4833,-0.01189999999999998,1.6666666666666667,0.6,0.0,0.0,0.55,-1.74,0.0
2025-07-22,1132.95,1147.8,1118.11,1118.11,50457506,-1.74,0.0,0.0,0.0,0.0,0.0,0.0,0.0,0.0,0.0,0.0,0.0,0.0,0.0,0.0,1127.016,1087.437,1105.241645327256,88.63095755242263,-0.7902283552318845,2.8206691514083118,2.6553738004310894,1.632442954592897,0.55,0.15,-0.4,0.12143333333333331,1.3333333333333333,0.0,0.0,0.0,0.0,1.33,1.0
2025-07-28,1142.85,1147.8,1132.95,1132.95,20606376,0.0,0.0,0.0,0.0,0.0,0.0,0.0,0.0,0.0,0.0,0.0,0.0,0.0,0.0,0.0,1129.982,1102.031,1118.7460848442406,-8.320539997560129,0.26265905120613203,2.805637953923265,1.3107374553157605,1.0912011730198918,0.0,0.0,0.0,-0.09999999999999999,0.0,0.0,0.0,0.0,0.0,-0.87,0.0
2025-07-29,1132.95,1132.95,1113.16,1123.06,31763255,-0.87,0.0,0.0,0.0,0.0,0.0,0.0,0.0,0.0,0.0,0.0,0.0,0.0,0.0,0.0,1130.9720000000002,1104.5049999999999,1119.4097640989728,54.14284879592608,-0.699575232631777,1.6799380718059282,1.7621498406140337,0.7879530442862619,0.0,0.0,0.0,-0.07857142857142858,0.0,0.0,0.0,0.0,0.0,1.76,1.0
2025-07-31,1147.8,1152.74,1142.85,1147.8,33230751,0.43,0.0,0.0,0.0,0.0,0.0,0.0,0.0,0.0,0.0,0.0,0.0,0.0,0.0,0.0,1135.922,1111.4320000000002,1126.8288843548858,-2.7839269040586756,1.0456703893401067,3.2721749958611683,0.8616483707963147,0.9605883613702528,0.0,0.0,0.0,0.0,0.0,0.0,0.0,0.0,0.0,-2.16,0.0
2025-08-04,1118.11,1123.06,1113.16,1123.06,23939021,-2.16,0.0,0.0,0.0,0.0,0.0,0.0,0.0,0.0,0.0,0.0,0.0,0.0,0.0,0.0,1133.944,1113.906,1126.2490559925957,-27.961239876883916,-0.9598357590851061,0.8217928622343355,0.8815201324951351,1.4632053854466187,0.0,0.0,0.0,0.0,0.0,0.0,0.0,0.0,0.0,1.32,1.0
2025-08-05,1132.95,1137.9,1128.01,1137.9,17012960,1.32,0.0,0.0,0.0,0.0,0.0,0.0,0.0,0.0,0.0,0.0,0.0,0.0,0.0,0.0,1134.934,1117.3690000000001,1128.0415089168118,-28.932097933328183,0.26133678257943826,1.8374413465918553,0.8691449160734773,1.6125538750689814,0.0,0.0,0.0,0.0,0.0,0.0,0.0,0.0,0.0,-2.17,0.0
2025-08-06,1118.11,1123.06,1113.16,1113.16,22023406,-2.17,1.0,0.0,0.0,0.0,0.0,0.0,23.0,0.0,0.0,0.0,0.0,0.0,0.0,0.0,1132.9540000000002,1119.595,1125.752046006533,29.450759891282875,-1.74711418115829,-0.5747614092595934,0.8893600201228811,1.8884464514515598,0.0,0.0,0.0,0.0,0.3333333333333333,3.0,0.0,0.0,0.0,4.89,1.0
2025-08-12,1167.58,1177.48,1157.69,1167.58,28917167,0.0,1.0,0.7,0.7,0.7,0.0,1.0,9.0,0.0,0.0,0.0,0.0,0.0,0.0,0.0,1155.708,1135.9205,1145.593924077646,-18.72489749466313,1.02724909752289,2.7871228664329926,1.6949588036794023,2.621627357196287,0.66,0.7167,0.0,0.3955619047619047,3.0,0.3333333333333333,0.0,0.0,0.7,1.69,1.0
2025-08-13,1172.53,1187.37,1172.53,1187.37,37809952,1.69,0.0,0.0,0.0,0.0,0.0,0.0,0.0,0.0,0.0,0.0,0.0,0.0,0.0,0.0,1170.55,1140.373,1152.021012681085,30.752614874064243,1.4369313570543707,4.121195433423963,1.2498210330393995,2.147316930497216,0.7,0.66,0.7167,0.15666190476190484,2.0,0.0,0.0,0.0,0.0,-2.08,0.0
2025-08-19,1167.58,1172.53,1162.64,1172.53,17867547,0.42,0.0,0.0,0.0,0.0,0.0,0.0,0.0,0.0,0.0,0.0,0.0,0.0,0.0,0.0,1171.54,1148.041,1159.9052297420876,-1.9338640535524476,0.08450415692165945,2.133111970739724,0.8434752202502174,1.3694414919959117,0.0,0.0,0.0,-0.1942857142857143,0.0,0.0,0.0,0.0,0.0,-4.22,0.0
2025-08-20,1152.74,1152.74,1123.06,1123.06,66982023,-4.22,0.0,0.0,0.0,0.0,0.0,0.0,0.0,0.0,0.0,0.0,0.0,0.0,0.0,0.0,1158.6779999999999,1148.2885,1154.2367328586895,274.88091118495447,-3.0740205648161045,-2.197052395804727,2.642779548732932,2.0344286667268503,0.0,0.0,0.0,-0.09999999999999999,0.0,0.0,0.0,0.0,0.0,1.32,1.0
2025-08-21,1128.01,1142.85,1128.01,1137.9,23424804,1.32,2.0,0.175,0.85,-0.5,0.9546,0.5,5.0,0.0,0.0,0.0,0.0,0.0,0.0,0.0,1153.73,1148.536,1151.723389341968,-65.02822257249531,-1.3720714551931497,-0.9260484651765349,1.3041567800333875,2.1835521518846277,0.0,0.0,0.0,0.033333333333333326,0.6666666666666666,3.0,0.0,0.0,0.175,-1.3,0.0
2025-08-22,1142.85,1142.85,1123.06,1123.06,19205763,-1.3,1.0,-0.5,-0.5,-0.5,0.0,0.0,7.0,0.0,0.0,0.0,0.0,0.0,0.0,0.0,1144.8259999999998,1148.0414999999998,1147.3136371355113,-18.01099808561899,-1.901249622213319,-2.176010187785012,1.7621498406140337,2.154038068372978,0.175,0.0,0.0,-0.06190476190476191,1.0,1.0,0.0,0.0,-0.5,3.08,1.0
2025-08-26,1152.74,1172.53,1147.8,1162.64,35508897,0.43,0.0,0.0,0.0,0.0,0.0,0.0,0.0,0.0,0.0,0.0,0.0,0.0,0.0,0.0,1140.8700000000001,1150.7630000000001,1151.0223082449518,41.449906176481896,1.908192870353325,1.0320978342195526,2.127055666414369,2.775647672165902,-0.4,-0.5,0.175,-0.19642857142857145,0.6666666666666666,0.0,0.0,0.0,0.0,1.28,1.0
2025-08-27,1177.48,1177.48,1167.58,1177.48,21952558,1.28,0.0,0.0,0.0,0.0,0.0,0.0,0.0,0.0,0.0,0.0,0.0,0.0,0.0,0.0,1151.7540000000001,1153.484,1155.092722361113,-38.17730243775244,2.2336366967251586,2.0803062721286203,0.8407786119509538,1.5901949566012297,0.0,-0.4,-0.5,-0.02976190476190478,0.3333333333333333,0.0,0.0,0.0,0.0,-2.52,0.0
2025-09-04,1157.69,1162.64,1147.8,1147.8,24333323,0.0,1.0,-0.4,-0.4,-0.4,0.0,0.0,5.0,0.0,0.0,0.0,0.0,0.0,0.0,0.0,1148.788,1156.4535,1150.9370414364387,24.709648907509706,-0.08600368388249671,-0.7482791136868124,1.2929081721554405,0.30405591591019593,0.0,-0.4,-0.4,-0.03809523809523804,0.6666666666666666,1.5,0.0,0.0,-0.4,1.72,1.0
2025-09-08,1182.43,1182.43,1167.58,1167.58,27281959,0.0,0.0,0.0,0.0,0.0,0.0,0.0,0.0,0.0,0.0,0.0,0.0,0.0,0.0,0.0,1155.712,1156.7005,1155.6640355846694,0.5459607436756331,1.0268994351533893,0.9405632659448153,1.2718614570307933,0.8382243136535636,0.0,-0.4,0.0,0.0380952380952381,0.3333333333333333,0.0,0.0,0.0,0.0,1.69,1.0
2025-09-09,1182.43,1187.37,1177.48,1187.37,31329096,1.69,0.0,0.0,0.0,0.0,0.0,0.0,0.0,0.0,0.0,0.0,0.0,0.0,0.0,0.0,1163.626,1157.69,1160.541876263951,14.834480910993243,2.0405181733649744,2.5637260406499007,0.8329332895390547,0.9339271920230116,0.0,0.0,-0.4,0.17142857142857146,0.0,0.0,0.0,0.0,0.0,2.08,1.0
2025-09-10,1207.16,1217.06,1202.22,1212.11,39665156,2.08,0.0,0.0,0.0,0.0,0.0,0.0,0.0,0.0,0.0,0.0,0.0,0.0,0.0,0.0,1176.4879999999998,1158.927,1168.4754337618047,26.608045122016932,3.0278251881872214,4.588986191537517,1.2243113248797484,1.014011834250462,0.0,0.0,0.0,0.1142857142857143,0.0,0.0,0.0,0.0,0.0,1.22,1.0
2025-09-11,1241.8,1246.74,1222.01,1226.95,30345708,1.22,3.0,0.9,0.9,0.9,0.0,1.0,76.3333,0.0,0.0,0.0,0.0,0.0,0.0,0.0,1192.318,1162.1425,1177.4715208753732,-23.495301518541865,2.904594244152991,5.5765536498321095,2.015567056522272,0.8100123455849215,0.0,0.0,0.0,0.2285714285714286,1.0,3.0,0.0,0.0,0.9,1.61,1.0
2025-09-15,1246.74,1246.74,1236.85,1241.8,24589707,-0.4,0.0,0.0,0.0,0.0,0.0,0.0,0.0,0.0,0.0,0.0,0.0,0.0,0.0,0.0,1222.994,1169.8115,1196.3854084373975,-7.184037336392457,1.5377017385203886,6.153854702231935,0.7964245450153085,0.9663074045043775,0.0,0.9,0.0,0.17142857142857143,1.0,0.0,0.0,0.0,0.0,2.4,1.0
2025-09-16,1256.7,1276.57,1251.73,1271.6,40130070,2.4,0.0,0.0,0.0,0.0,0.0,0.0,0.0,0.0,0.0,0.0,0.0,0.0,0.0,0.0,1239.84,1174.7649999999999,1207.956884062413,63.198650557324655,2.5616208543037806,8.24292518078084,1.9534444793960302,1.092849486434425,0.0,0.0,0.9,-0.12857142857142856,0.0,0.0,0.0,0.0,0.0,-1.17,0.0
2025-09-17,1261.66,1266.63,1256.7,1256.7,29283972,-1.17,0.0,0.0,0.0,0.0,0.0,0.0,0.0,0.0,0.0,0.0,0.0,0.0,0.0,0.0,1248.758,1181.447,1215.455824975888,-27.027358786067403,0.6359919215732758,6.369562070918134,0.7901647171162618,1.473964042980692,0.0,0.0,0.0,-0.12857142857142856,0.0,0.0,0.0,0.0,0.0,1.58,1.0
2025-09-18,1266.63,1276.57,1256.7,1276.57,24191307,1.58,0.0,0.0,0.0,0.0,0.0,0.0,0.0,0.0,0.0,0.0,0.0,0.0,0.0,0.0,1258.682,1188.3804999999998,1224.8580057488284,-17.390622419663558,1.4211691277065948,7.420981747849295,1.5565147230469063,1.5120615066854877,0.0,0.0,0.0,-0.12857142857142856,0.0,0.0,0.0,0.0,0.0,-1.56,0.0
2025-09-19,1276.57,1281.53,1256.7,1256.7,44913316,-1.56,0.0,0.0,0.0,0.0,0.0,0.0,0.0,0.0,0.0,0.0,0.0,0.0,0.0,0.0,1260.674,1195.0625,1229.7567740951627,85.65890631705018,-0.315228203326152,5.157680037654938,1.9758096602212085,1.7374118682684274,0.0,0.0,0.0,-0.12857142857142856,0.0,0.0,0.0,0.0,0.0,2.37,1.0
2025-09-22,1261.66,1286.5,1261.66,1286.5,28859955,2.37,0.0,0.0,0.0,0.0,0.0,0.0,0.0,0.0,0.0,0.0,0.0,0.0,0.0,0.0,1269.614,1201.503,1238.4865011574452,-35.74298766984829,1.3300105386361498,7.074222869189679,1.9308200544111869,1.9400335048653121,0.0,0.0,0.0,0.0,0.0,0.0,0.0,0.0,0.0,3.47,1.0
2025-09-24,1341.14,1346.11,1316.3,1331.2,44737182,0.0,9.0,0.0444,0.9,-0.8,0.6317,0.4444,41.7778,0.0,0.0,0.0,0.0,0.0,0.0,0.0,1296.434,1217.617,1264.81932923107,31.759057997104946,2.681663702124449,9.328302742159487,2.2393329326923035,1.982415193646373,0.75,0.0,0.0,0.1513142857142857,3.3333333333333335,2.6999999999999997,0.0,0.0,0.0444,-1.49,0.0
2025-09-25,1311.34,1321.27,1311.34,1311.34,25861812,-1.49,3.0,0.5,0.8,0.0,0.4359,0.6667,21.3333,0.0,0.0,0.0,0.0,0.0,0.0,0.0,1303.3880000000001,1225.794,1271.976355503213,-42.19168297189573,0.6101022872697746,6.978823521733653,0.7572406851007416,2.2778652286735466,0.0444,0.75,0.0,0.24655238095238094,4.333333333333333,0.6923076923076924,0.0,0.0,0.5,-1.52,0.0
2025-09-30,1301.4,1311.34,1296.43,1296.43,36642789,0.38,9.0,0.3389,0.75,-0.85,0.5085,0.7778,37.0,0.0,0.0,0.0,0.0,0.0,0.0,0.0,1312.328,1240.1619999999998,1278.2760888514129,42.06323387531528,-1.2114349461415066,4.537149178897617,1.150081377320785,2.035600648457351,0.4,0.5,0.0444,0.12249523809523816,4.333333333333333,2.076923076923077,0.0,0.0,0.3389,1.53,1.0
2025-10-01,1316.3,1341.14,1316.3,1316.3,33837323,1.53,2.0,0.225,0.45,0.0,0.3182,0.5,17.5,0.0,0.0,0.0,0.0,0.0,0.0,0.0,1309.348,1248.587,1284.1259213358107,-7.656256733077827,0.530951282623107,5.423170351765633,1.887107802172768,1.3013262465653985,0.3389,0.4,0.5,-0.0013142857142857123,4.0,0.5,0.0,0.0,0.225,3.02,1.0
2025-10-02,1351.07,1361.01,1346.11,1356.04,29593487,3.02,2.0,0.075,0.5,-0.35,0.601,0.5,27.0,0.0,0.0,0.0,0.0,0.0,0.0,0.0,1314.316,1258.999,1295.189625745686,-12.54187868230593,3.1745790205703903,7.707790077672813,1.0987876463821193,1.9620728834576935,0.225,0.3389,0.4,-0.12036190476190475,4.333333333333333,0.46153846153846156,0.0,0.0,0.075,2.56,1.0
2025-10-03,1356.04,1390.81,1356.04,1390.81,31032341,2.56,4.0,0.3,0.6,0.0,0.2449,0.75,23.0,0.0,0.0,0.0,0.0,0.0,0.0,0.0,1330.21,1271.1495,1309.900452554042,4.862063061375643,4.5556716608655705,9.413566224901158,2.499982024863208,1.8263022750902946,0.075,0.225,0.3389,-0.0690428571428571,2.6666666666666665,1.5,0.0,0.0,0.3,2.5,1.0
2025-10-07,1410.68,1435.52,1410.68,1425.58,38395572,2.5,14.0,0.1929,0.8,-0.5,0.3668,0.4286,25.7857,0.0,0.0,0.0,0.0,0.0,0.0,0.0,1357.032,1284.0494999999999,1327.6973060072662,23.72760405023908,5.05131787607072,11.022199689342202,1.7424486875517275,1.054665823851321,0.3,0.075,0.225,-0.10095714285714288,6.666666666666667,2.1,0.0,0.0,0.1929,-1.39,0.0
2025-10-08,1400.75,1410.68,1395.78,1405.71,23064494,-1.39,10.0,0.18,0.95,-0.4,0.5089,0.4,31.3,0.0,0.0,0.0,0.0,0.0,0.0,0.0,1378.888,1295.9560000000001,1339.6992589292254,-39.92928663753206,1.9451906173670466,8.468960365938342,1.0599625811867377,1.7806824534430572,0.1929,0.3,0.075,-0.020242857142857146,9.333333333333334,1.0714285714285714,0.0,0.0,0.18,1.77,1.0
2025-10-09,1430.55,1445.45,1420.61,1430.55,39052134,1.77,1.0,0.1,0.1,0.1,0.0,0.0,67.0,0.0,0.0,0.0,0.0,0.0,0.0,0.0,1401.738,1308.115,1353.6762960170367,69.31710706508454,2.0554483077436654,9.359651101011757,1.736395092796487,1.7800758410809316,0.18,0.1929,0.3,-0.044052380952380954,8.333333333333334,0.12,0.0,0.0,0.1,-1.74,0.0
2025-10-13,1380.88,1410.68,1380.88,1405.71,53850992,-1.74,9.0,0.3056,0.95,-0.9,0.5976,0.6667,37.1111,0.0,0.0,0.0,0.0,0.0,0.0,0.0,1411.672,1317.795,1361.6814812451848,37.89513269620555,-0.4223360667350482,6.671371495566454,2.1199251623734594,2.1306219749171804,0.1,0.18,0.1929,-0.001728571428571385,6.666666666666667,1.3499999999999999,0.0,0.0,0.3056,0.71,1.0
2025-10-14,1445.45,1450.42,1410.68,1415.65,39889256,0.71,2.0,0.775,0.8,0.75,0.0354,1.0,39.5,0.0,0.0,0.0,0.0,0.0,0.0,0.0,1416.6399999999999,1327.23,1369.9843302843872,-25.92660874288073,-0.06988366839844856,6.661995283409813,2.807191042983789,1.8816349273969133,0.3056,0.1,0.18,0.11803333333333338,4.0,0.5,0.0,0.0,0.775,2.81,1.0
2025-10-15,1425.58,1455.38,1415.65,1455.38,41056405,2.81,5.0,0.53,0.95,0.35,0.2414,1.0,29.6,0.0,0.0,0.0,0.0,0.0,0.0,0.0,1422.6,1337.6619999999998,1383.1221256252506,2.925973349816302,2.3042316884577674,8.800279891332812,2.7298712363781292,1.9722880114222638,0.775,0.3056,0.1,0.19636666666666663,5.333333333333333,0.9375,0.0,0.0,0.53,1.37,1.0
2025-10-16,1455.38,1485.19,1455.38,1475.25,37737678,1.37,5.0,0.45,0.9,-0.45,0.5443,0.8,55.0,0.0,0.0,0.0,0.0,0.0,0.0,0.0,1436.508,1349.3345,1397.2956447598276,-8.083335596480012,2.6969567868748356,9.331674243858737,2.020674461955597,1.702668493864847,0.53,0.775,0.3056,0.22307142857142864,4.0,1.25,0.0,0.0,0.45,-2.36,0.0
2025-10-17,1445.45,1455.38,1440.48,1440.48,38077331,-2.36,11.0,0.25,0.9,-0.8,0.5074,0.4545,80.7273,0.0,0.0,0.0,0.0,0.0,0.0,0.0,1438.494,1357.7785,1403.939391719854,0.9000368279150628,0.13806105552057246,6.090941931986707,1.0343774297456465,2.1650334870389387,0.45,0.53,0.775,0.039914285714285735,7.0,1.5714285714285714,0.0,0.0,0.25,2.07,1.0
2025-10-21,1475.25,1490.15,1470.29,1470.29,34601251,0.0,1.0,-0.35,-0.35,-0.35,0.0,0.0,12.0,0.0,0.0,0.0,0.0,0.0,0.0,0.0,1462.3380000000002,1378.144,1422.7845349000138,4.8028818417792385,0.5437867305643271,6.6862388835999695,1.3507539328976004,2.0372211465621466,0.2857,0.25,0.45,-0.259,8.666666666666666,0.11538461538461539,0.0,0.0,-0.35,-1.35,0.0
2025-10-22,1450.42,1460.35,1445.45,1450.42,27360948,-1.35,2.0,0.4,0.75,0.05,0.495,0.5,35.0,0.0,0.0,0.0,0.0,0.0,0.0,0.0,1461.346,1387.83,1427.036144915396,-20.924974649037974,-0.747666876975058,4.509918361759016,1.0272886474262533,1.8397907489711942,-0.35,0.2857,0.25,-0.2224857142857143,5.666666666666667,0.3529411764705882,0.0,0.0,0.4,-0.68,0.0
2025-10-23,1430.55,1445.45,1425.58,1440.48,23570046,-0.68,3.0,0.7,0.8,0.55,0.1323,1.0,27.3333,0.0,0.0,0.0,0.0,0.0,0.0,0.0,1454.392,1395.529,1429.1044303130275,-13.855155895914129,-0.9565509161216531,3.221072439196894,1.379401310674228,1.6630484057897978,0.4,-0.35,0.2857,-0.07367142857142855,2.0,1.5,0.0,0.0,0.7,2.07,1.0
2025-10-28,1470.29,1480.22,1460.35,1465.32,28381919,-0.34,0.0,0.0,0.0,0.0,0.0,0.0,0.0,0.0,0.0,0.0,0.0,0.0,0.0,0.0,1459.36,1409.1895,1440.0374915258953,-13.606597866696013,0.4083982019515429,3.9831761448690886,1.356017798160137,1.2910654514779598,0.42,0.7,0.4,0.12966190476190476,2.6666666666666665,0.0,0.0,0.0,0.0,2.03,1.0
2025-10-31,1505.06,1514.99,1490.15,1490.15,31928423,-0.33,2.0,0.425,0.85,0.0,0.601,0.5,-40.0,0.0,0.0,0.0,0.0,0.0,0.0,0.0,1483.2,1438.247,1460.984961866621,14.571197818324588,0.46858144552319614,3.6087681740340853,1.6669462805757755,1.2527290209777955,0.7,-0.1,0.0,-0.021904761904761927,1.3333333333333333,1.5,0.0,0.0,0.425,0.67,1.0
2025-11-04,1510.02,1514.99,1485.19,1495.12,33925673,-0.33,0.0,0.0,0.0,0.0,0.0,0.0,0.0,0.0,0.0,0.0,0.0,0.0,0.0,0.0,1495.1200000000001,1454.3905,1471.3271028749177,16.5079191188364,-1.5207720814598965e-14,2.800451460594656,1.9931510514206188,0.9943942879964601,-0.175,0.425,0.7,-0.09809523809523805,2.0,0.0,0.0,0.0,0.0,-2.99,0.0
2025-11-07,1450.42,1455.38,1445.45,1450.42,20329390,-0.34,0.0,0.0,0.0,0.0,0.0,0.0,0.0,0.0,0.0,0.0,0.0,0.0,0.0,0.0,1470.286,1461.0965,1463.7317496251776,-25.83598630554871,-1.351165691572931,-0.7307183337993098,0.6846292797948225,1.44261914585936,0.8333,0.2333,0.0,0.06744761904761898,3.0,0.0,0.0,0.0,0.0,1.03,1.0
2025-11-10,1460.35,1475.25,1455.38,1465.32,25281744,1.03,1.0,0.5,0.5,0.5,0.0,1.0,35.0,0.0,0.0,0.0,0.0,0.0,0.0,0.0,1463.3319999999999,1462.835,1463.9760958366887,24.36056369620534,0.1358543379082844,0.16987561823444886,1.3560177981601216,1.5241620648736764,0.0,0.8333,0.2333,0.1849190476190476,1.3333333333333333,0.75,0.0,0.0,0.5,-0.68,0.0
2025-11-11,1480.22,1485.19,1455.38,1455.38,22444166,-0.68,1.0,0.9,0.9,0.9,0.0,1.0,180.0,0.0,0.0,0.0,0.0,0.0,0.0,0.0,1455.3840000000002,1465.3184999999999,1462.6536195541212,-11.223822217328049,-0.00027484155385333256,-0.6782484490573039,2.0482623094999206,1.524850812374768,0.5,0.0,0.8333,0.13929523809523808,0.6666666666666666,1.5,0.0,0.0,0.9,0.68,1.0
2025-11-12,1460.35,1475.25,1450.42,1465.32,23642502,0.68,6.0,0.1417,0.9,-0.8,0.6328,0.6667,12.5,0.0,0.0,0.0,0.0,0.0,0.0,0.0,1458.364,1467.802,1463.0638319304103,5.339187029716319,0.47697282708568667,-0.1690963767592612,1.6945104141074938,0.7079406754806425,0.9,0.5,0.0,0.14128571428571424,2.6666666666666665,2.25,0.0,0.0,0.1417,-1.02,0.0
2025-11-13,1450.42,1460.35,1450.42,1450.42,21255597,-1.02,1.0,0.8,0.8,0.8,0.0,1.0,16.0,0.0,0.0,0.0,0.0,0.0,0.0,0.0,1457.372,1467.554,1461.1186270180394,-10.09582234570605,-0.4770230250066556,-1.1675209225691194,0.6846292797948067,0.8831647637898541,0.1417,0.9,0.5,0.12700000000000006,2.6666666666666665,0.375,0.0,0.0,0.8,-2.05,0.0
2025-11-14,1415.65,1430.55,1415.65,1420.61,26861702,-2.05,0.0,0.0,0.0,0.0,0.0,0.0,0.0,0.0,0.0,0.0,0.0,0.0,0.0,0.0,1451.41,1464.8220000000001,1454.8865305537256,26.374723796278232,-2.122074396621229,-3.0182506816528023,1.0488452143797287,1.2645433958547998,0.8,0.1417,0.9,-0.1396714285714286,2.3333333333333335,0.0,0.0,0.0,0.0,1.05,1.0
2025-11-17,1440.48,1450.42,1435.52,1435.52,26602730,1.05,1.0,0.4,0.4,0.4,0.0,1.0,13.0,0.0,0.0,0.0,0.0,0.0,0.0,0.0,1445.45,1464.574,1451.907064314691,-0.9640937867600452,-0.686983292400295,-1.9837850460270416,1.037951404369155,1.2702480072804638,0.0,0.8,0.1417,0.008328571428571296,0.6666666666666666,1.5,0.0,0.0,0.4,-2.77,0.0
2025-11-18,1425.58,1425.58,1395.78,1395.78,42198432,-2.77,1.0,-0.9,-0.9,-0.9,0.0,0.0,454.0,0.0,0.0,0.0,0.0,0.0,0.0,0.0,1433.53,1460.8485,1443.2721313432,58.62444192757661,-2.6333596087978624,-4.454157977367268,2.135006949519262,1.666004201675371,0.4,0.0,0.8,-0.42976666666666674,0.6666666666666666,1.5,0.0,0.0,-0.9,-0.71,0.0
2025-11-19,1390.81,1405.71,1385.84,1385.84,35591948,-0.71,4.0,0.15,0.5,-0.7,0.5686,0.75,35.75,0.0,0.0,0.0,0.0,0.0,0.0,0.0,1417.634,1456.626,1434.4364188288616,-15.655757066992438,-2.2427509498220344,-4.859586469004402,1.433787450210711,1.4553693689232265,-0.9,0.4,0.0,-0.32976666666666676,2.0,2.0,0.0,0.0,0.15,4.3,1.0
2025-11-20,1440.48,1450.42,1430.55,1445.45,25964403,4.3,5.0,-0.908,-0.8,-0.98,0.0986,0.0,25.0,0.0,0.0,0.0,0.0,0.0,0.0,0.0,1416.6399999999999,1456.3775,1436.1308159321136,-27.049783844368392,2.033685339959353,-0.7503205727910524,1.374658410875514,2.826902898933741,0.15,-0.9,0.4,-0.5074809523809525,3.3333333333333335,1.5,0.0,0.0,-0.908,-4.81,0.0
2025-11-21,1385.84,1395.78,1375.91,1375.91,54518246,-4.81,1.0,0.05,0.05,0.05,0.0,0.0,36.0,0.0,0.0,0.0,0.0,0.0,0.0,0.0,1407.7,1453.149,1426.8660750194806,109.97303885631418,-2.258293670526388,-5.315284255090139,1.444135154188856,3.506311452224401,-0.908,0.15,-0.9,-0.1777142857142858,3.3333333333333335,0.3,0.0,0.0,0.05,-0.72,0.0
2025-11-24,1390.81,1395.78,1365.98,1365.98,79134658,-0.72,6.0,-0.3583,0.9,-0.95,0.7262,0.1667,36.8333,0.0,0.0,0.0,0.0,0.0,0.0,0.0,1393.792,1447.9335,1417.498986554945,45.15261184301491,-1.9954196895949972,-5.660032038764216,2.1815839177733167,3.3869115725096797,0.05,-0.908,0.15,-0.18167619047619063,4.0,1.5,0.0,0.0,-0.3583,2.91,1.0
2025-11-25,1415.65,1415.65,1395.78,1405.71,27427405,2.91,0.0,0.0,0.0,0.0,0.0,0.0,0.0,0.0,0.0,0.0,0.0,0.0,0.0,0.0,1395.778,1444.953,1415.6852963157226,-65.34084345192974,0.7115744767434374,-2.715866882867466,1.4135205696765418,3.5682110363598154,-0.3583,0.05,-0.908,0.1209904761904761,2.3333333333333335,0.0,0.0,0.0,0.0,1.77,1.0
2025-11-28,1430.55,1445.45,1425.58,1430.55,23152513,0.35,4.0,-0.2125,0.8,-0.9,0.7192,0.25,47.25,0.0,0.0,0.0,0.0,0.0,0.0,0.0,1411.674,1435.2675,1420.8975918963251,5.048776815951017,1.337135910982279,-0.328684374167183,1.3889762678690096,1.518887750954622,-0.16,-0.21,0.0,0.06280476190476184,6.333333333333333,0.6315789473684211,0.0,0.0,-0.2125,-2.08,0.0
2025-12-01,1435.52,1435.52,1400.75,1400.75,30559208,-2.08,5.0,0.26,0.7,0.0,0.2881,0.4,21.4,0.0,0.0,0.0,0.0,0.0,0.0,0.0,1418.628,1430.3005,1417.7979623738136,31.99089014656853,-1.2602317168419015,-2.0660343752938672,2.4822416562555762,1.9248636315334107,-0.2125,-0.16,-0.21,0.052614285714285614,4.666666666666667,1.0714285714285714,0.0,0.0,0.26,1.42,1.0
2025-12-02,1420.61,1430.55,1410.68,1420.61,23544477,1.42,1.0,0.0,0.0,0.0,0.0,0.0,22.0,0.0,0.0,0.0,0.0,0.0,0.0,0.0,1421.6079999999997,1426.575,1418.230583547073,-22.954557591937597,-0.07020219357233641,-0.41813434274399497,1.3986949268272004,1.5390159193458626,0.26,-0.2125,-0.16,0.1130904761904761,3.3333333333333335,0.3,0.0,0.0,0.0,1.4,1.0
2025-12-04,1435.52,1440.48,1420.61,1435.52,20696944,-0.34,1.0,0.0,0.0,0.0,0.0,0.0,65.0,0.0,0.0,0.0,0.0,0.0,0.0,0.0,1425.5819999999999,1425.085,1423.7868675100344,1.9476552025117222,0.6971187907815968,0.7322370244581864,1.3841674097191343,1.4515853402401084,-0.0,0.0,0.26,0.046071428571428555,1.6666666666666667,0.6,0.0,0.0,0.0,1.04,1.0
2025-12-05,1435.52,1450.42,1430.55,1450.42,21072604,1.04,5.0,0.83,0.9,0.75,0.0671,1.0,17.4,0.0,0.0,0.0,0.0,0.0,0.0,0.0,1429.556,1425.0849999999998,1427.8842725084905,1.8150505697845931,1.4594741304293104,1.777788693306032,1.3699480150577155,1.507089911053747,0.0,-0.0,0.0,0.17416666666666655,3.0,1.6666666666666667,0.0,0.0,0.83,2.4,1.0
2025-12-08,1455.38,1485.19,1450.42,1485.19,24257260,2.4,3.0,0.3833,0.4,0.35,0.0289,1.0,30.3333,0.0,0.0,0.0,0.0,0.0,0.0,0.0,1446.444,1426.0785,1436.700538276415,15.112778658014925,2.6787072295920265,4.145038299083814,2.3411146048653695,0.9904948258320128,0.83,0.0,-0.0,0.22431904761904753,3.0,1.0,0.0,0.0,0.3833,-1.0,0.0
2025-12-09,1485.19,1490.15,1470.29,1470.29,24235825,-1.0,0.0,0.0,0.0,0.0,0.0,0.0,0.0,0.0,0.0,0.0,0.0,0.0,0.0,0.0,1456.38,1426.824,1441.8681477723512,-0.0883652976469751,0.9551078701987018,3.046346290782878,1.3507539328976004,1.366308896260282,0.3833,0.83,0.0,0.19396190476190467,2.6666666666666665,0.0,0.0,0.0,0.0,1.69,1.0
2025-12-10,1480.22,1495.12,1475.25,1495.12,23319221,1.69,1.0,0.65,0.65,0.65,0.0,1.0,46.0,0.0,0.0,0.0,0.0,0.0,0.0,0.0,1467.308,1428.314,1450.0607404227587,-3.782021037039174,1.895443901348585,4.677262842764253,1.3289903151586422,1.4089428661233891,0.0,0.3833,0.83,0.0782476190476189,1.3333333333333333,0.75,0.0,0.0,0.65,-2.0,0.0
2025-12-11,1505.09,1510.07,1460.24,1465.22,28924982,-2.0,2.0,0.0,0.0,0.0,0.0,0.0,161.5,0.0,0.0,0.0,0.0,0.0,0.0,0.0,1473.248,1429.0539999999999,1452.3929342038728,24.039229269279616,-0.5449184387150039,2.530765107546683,3.400854479190833,1.856766005720697,0.65,0.0,0.3833,-0.04951904761904771,1.0,2.0,0.0,0.0,0.0,0.68,1.0
2025-12-12,1470.2,1480.17,1465.22,1475.19,22107664,0.68,3.0,0.5667,0.9,0.3,0.3055,1.0,22.6667,0.0,0.0,0.0,0.0,0.0,0.0,0.0,1478.2019999999998,1431.783,1455.9001750955845,-23.56896194438427,-0.20376105566084451,3.031674492573257,1.013428778665802,1.833842959470628,0.0,0.65,0.0,0.058423809523809545,2.0,1.5,0.0,0.0,0.5667,-2.03,0.0
2025-12-15,1445.28,1450.27,1440.3,1445.28,25889058,-2.03,3.0,0.2333,0.8,-0.5,0.6658,0.6667,67.0,0.0,0.0,0.0,0.0,0.0,0.0,0.0,1470.22,1432.271,1454.266302003956,17.104448484471256,-1.696344764729092,0.9082778328961498,0.6898317281080502,1.6601415602291252,0.5667,0.0,0.65,-0.11380476190476196,2.6666666666666665,1.125,0.0,0.0,0.2333,-1.03,0.0
2025-12-19,1450.27,1450.27,1425.35,1425.35,38763280,0.0,2.0,0.4,0.6,0.2,0.2828,0.5,40.0,0.0,0.0,0.0,0.0,0.0,0.0,0.0,1430.3319999999999,1437.441,1440.63729167886,26.950636494184742,-0.3483107418417522,-0.8411475671001537,1.7483425123653893,0.8629426400404573,0.1,0.4,0.5,-0.014285714285714346,1.3333333333333333,1.5,0.0,0.0,0.4,2.45,1.0
2025-12-22,1460.24,1465.22,1450.27,1460.24,22661665,2.45,0.0,0.0,0.0,0.0,0.0,0.0,0.0,0.0,0.0,0.0,0.0,0.0,0.0,0.0,1433.3239999999998,1442.154,1443.6530929590353,-41.53831925471735,1.8778726931245253,1.254096303168733,1.0238043061414592,1.3187986957833984,0.4,0.1,0.4,-0.14761904761904773,1.0,0.0,0.0,0.0,0.0,1.71,1.0
2025-12-24,1490.14,1495.12,1480.17,1490.14,12987261,0.34,2.0,0.55,0.8,0.3,0.3536,1.0,35.5,0.0,0.0,0.0,0.0,0.0,0.0,0.0,1457.2459999999999,1449.1055000000001,1456.2068890416763,-37.37781940612105,2.257271593128424,2.831712390850768,1.0032614385225427,1.117161581867185,0.9,0.0,0.4,0.07619047619047609,1.0,2.0,0.0,0.0,0.55,1.0,1.0
2025-12-26,1500.11,1505.09,1490.14,1505.09,18823612,1.0,1.0,0.7,0.7,0.7,0.0,1.0,37.0,0.0,0.0,0.0,0.0,0.0,0.0,0.0,1473.194,1453.081,1463.7273676506493,44.93904449906721,2.1650916308374835,3.5792223558081084,0.9932960819618639,0.9990245242235001,0.55,0.9,0.0,0.280952380952381,1.3333333333333333,0.75,0.0,0.0,0.7,1.32,1.0
2025-12-29,1510.07,1525.02,1505.09,1525.02,21124648,1.32,3.0,0.3333,0.5,0.1,0.2082,0.6667,26.3333,0.0,0.0,0.0,0.0,0.0,0.0,0.0,1493.1280000000002,1457.8045,1473.1570033967032,12.224200116321992,2.1359186888197006,4.610734841331607,1.3068681066477859,0.7877372658443869,0.7,0.55,0.9,0.10158095238095227,2.0,1.5,0.0,0.0,0.3333,-0.65,0.0
2025-12-30,1510.07,1525.02,1505.09,1515.06,20325400,-0.65,1.0,0.5,0.5,0.5,0.0,1.0,23.0,0.0,0.0,0.0,0.0,0.0,0.0,0.0,1504.092,1463.52,1479.6036182587488,-3.783485528374253,0.7292107131744499,3.521646441456213,1.3154594537510107,0.9269466004037079,0.3333,0.7,0.55,0.027771428571428447,1.6666666666666667,0.6,0.0,0.0,0.5,1.97,1.0
2025-12-31,1515.06,1544.96,1510.07,1544.96,29695967,1.97,2.0,0.9,0.95,0.85,0.0707,1.0,27.0,0.0,0.0,0.0,0.0,0.0,0.0,0.0,1516.0539999999999,1469.7375,1489.6584462189414,46.10274336544422,1.9066603168488838,5.118090815536794,2.2583108947804535,0.9991646510960999,0.5,0.3333,0.7,0.023009523809523813,2.0,1.0,0.0,0.0,0.9,2.26,1.0
2026-01-02,1549.94,1579.85,1539.98,1579.85,37512761,2.26,4.0,0.0875,1.0,-0.7,0.7793,0.5,10.0,0.0,0.0,0.0,0.0,0.0,0.0,0.0,1533.9959999999999,1476.706,1503.5340698775658,26.322746115659413,2.98918641248087,6.98473494385477,2.523657309238212,1.1392321975786983,0.9,0.5,0.3333,-0.07142380952380961,2.3333333333333335,1.7142857142857142,0.0,0.0,0.0875,5.36,1.0
2026-01-05,1624.7,1689.49,1619.72,1664.57,66871820,5.36,10.0,0.215,0.95,-0.9,0.6908,0.5,42.4,0.0,0.0,0.0,0.0,0.0,0.0,0.0,1565.892,1488.1585,1528.3088283579402,78.26419121748995,6.301711740017822,11.854348847921772,4.191472872874074,2.1696474367970455,0.0875,0.9,0.5,-0.06856666666666678,5.333333333333333,1.875,0.0,0.0,0.215,2.1,1.0
2026-01-06,1639.65,1699.46,1639.65,1699.46,46751692,2.1,11.0,0.2636,0.9,-0.5,0.504,0.5455,31.3636,0.0,0.0,0.0,0.0,0.0,0.0,0.0,1600.78,1500.6105,1554.639777841334,-30.087603418001784,6.164494808780723,13.251240078621338,3.51935320631259,2.1315651526519166,0.215,0.0875,0.9,-0.23978571428571435,8.333333333333334,1.3199999999999998,0.0,0.0,0.2636,-1.76,0.0
2026-01-07,1659.59,1679.52,1659.59,1669.55,49857449,-1.76,4.0,-0.15,0.0,-0.3,0.1732,0.0,38.25,0.0,0.0,0.0,0.0,0.0,0.0,0.0,1631.678,1509.8285,1572.318273558052,6.643090051157929,2.321046186808907,10.57878427914163,1.1937348387290028,2.5251098985984726,0.2636,0.215,0.0875,-0.19752380952380966,8.333333333333334,0.48,0.0,0.0,-0.15,0.6,1.0
2026-01-09,1659.59,1694.47,1649.62,1674.54,37387656,-0.3,5.0,0.12,0.6,-0.5,0.5263,0.6,21.8,0.0,0.0,0.0,0.0,0.0,0.0,0.0,1677.5279999999998,1529.261,1601.9999473403805,27.971470601785665,-0.1781192325850793,9.49994801410616,2.6783474864739056,2.7151058911210058,0.4,-0.15,0.2636,-0.13896666666666674,3.3333333333333335,1.5,0.0,0.0,0.12,0.6,1.0
2026-01-12,1694.47,1699.46,1684.5,1684.5,29987449,0.6,3.0,0.2167,0.9,-0.15,0.5923,0.3333,49.0,0.0,0.0,0.0,0.0,0.0,0.0,0.0,1681.514,1540.225,1614.6922631341681,-19.79318254131791,0.17757806357842418,9.367137918161314,0.8880973582665501,1.4151042364433764,0.12,0.4,-0.15,0.08088095238095228,3.0,1.0,0.0,0.0,0.2167,1.18,1.0
2026-01-14,1699.46,1709.42,1694.47,1704.44,29100816,0.0,3.0,-0.0333,0.85,-0.55,0.7687,0.3333,53.0,0.0,0.0,0.0,0.0,0.0,0.0,0.0,1689.488,1564.6455,1640.1827446108541,-3.5496191808244815,0.8850018467133236,8.934579749853878,0.8771209312149472,0.5781695253124209,-0.45,0.2167,0.12,-0.14129523809523822,3.3333333333333335,0.8999999999999999,0.0,0.0,-0.0333,-1.17,0.0
2026-01-15,1679.52,1694.47,1674.54,1684.5,36391886,-1.17,3.0,0.4167,0.65,0.3,0.2021,1.0,23.3333,0.0,0.0,0.0,0.0,0.0,0.0,0.0,1690.484,1577.354,1647.000783901492,25.054520807938864,-0.35398146329689745,6.79276814209112,1.1831403977441415,0.8933196516365184,-0.0333,-0.45,0.2167,-0.0965000000000001,3.3333333333333335,0.8999999999999999,0.0,0.0,0.4167,2.96,1.0
2026-01-16,1729.36,1744.31,1704.44,1734.34,53551629,2.96,13.0,0.1115,0.8,-0.85,0.4505,0.3077,64.2308,0.0,0.0,0.0,0.0,0.0,0.0,0.0,1702.4440000000002,1592.8035,1660.4375863781856,47.15266199723751,1.8735418022560346,8.885998806506889,2.2988572021633527,1.5275732388334085,0.4167,-0.0333,-0.45,0.053309523809523696,6.333333333333333,2.0526315789473686,0.0,0.0,0.1115,1.15,1.0
2026-01-19,1719.39,1774.21,1719.39,1754.28,29580038,1.15,9.0,0.7278,0.9,0.5,0.1439,1.0,42.0,0.0,0.0,0.0,0.0,0.0,0.0,0.0,1716.4,1609.25,1674.8748807815418,-44.76351410337116,2.2069447681193126,9.012272797887212,3.1249287456962365,1.53708490331536,0.1115,0.4167,-0.0333,0.26018095238095224,8.333333333333334,1.0799999999999998,0.0,0.0,0.7278,0.85,1.0
2026-01-20,1734.34,1769.23,1734.34,1769.23,29401234,0.85,4.0,0.6,0.8,0.4,0.2309,1.0,32.75,0.0,0.0,0.0,0.0,0.0,0.0,0.0,1729.3579999999997,1626.444,1689.391052968997,-0.6044752207552961,2.30559548688012,8.779029588476458,1.9720443356714559,1.5250147540269863,0.7278,0.1115,0.4167,0.2527095238095237,8.666666666666666,0.46153846153846156,0.0,0.0,0.6,-1.97,0.0
2026-01-21,1739.33,1759.26,1734.34,1734.34,45192749,-1.97,2.0,0.925,0.95,0.9,0.0354,1.0,24.5,0.0,0.0,0.0,0.0,0.0,0.0,0.0,1735.3380000000002,1640.1490000000001,1696.3062755891513,53.71038167989819,-0.05751041007574746,5.7428319012479845,1.4368578248786326,1.9617543169316565,0.6,0.7278,0.1115,0.42269047619047606,5.0,0.4,0.0,0.0,0.925,1.15,1.0
2026-01-22,1759.26,1764.24,1744.31,1754.28,32069478,1.15,3.0,0.3667,0.5,0.3,0.1155,1.0,23.0,0.0,0.0,0.0,0.0,0.0,0.0,0.0,1749.2939999999999,1653.6055000000001,1705.2253101138972,-29.038443755656463,0.28502927466738603,6.08818125000188,1.1360786191486,1.773561388844488,0.925,0.6,0.7278,0.18565238095238085,3.0,1.0,0.0,0.0,0.3667,0.57,1.0
2026-01-23,1764.24,1769.23,1744.31,1764.24,27601167,0.57,2.0,0.825,0.85,0.8,0.0354,1.0,13.5,0.0,0.0,0.0,0.0,0.0,0.0,0.0,1755.274,1667.3105,1714.3044931732975,-13.933220241377175,0.5108034415139814,5.81352423558779,1.412506234979372,1.3191664034533284,0.3667,0.925,0.6,0.13803809523809507,2.3333333333333335,0.8571428571428571,0.0,0.0,0.825,-0.85,0.0
2026-01-26,1759.26,1779.2,1749.29,1749.29,22960198,-0.85,2.0,0.775,0.8,0.75,0.0354,1.0,26.5,0.0,0.0,0.0,0.0,0.0,0.0,0.0,1754.2760000000003,1679.5204999999999,1719.686878838944,-16.814394116016906,-0.2842198148980167,4.15413208710463,1.709836562262408,1.3191664034533286,0.825,0.3667,0.925,0.03685238095238086,2.3333333333333335,0.8571428571428571,0.0,0.0,0.775,1.42,1.0
2026-01-27,1754.28,1779.2,1749.29,1774.21,28985200,1.42,10.0,0.345,0.65,0.3,0.1117,1.0,82.2,0.0,0.0,0.0,0.0,0.0,0.0,0.0,1755.2720000000002,1691.98,1728.0750513252603,26.241071614452103,1.0789211016867968,4.859986524663413,1.6858207314804945,1.4358551458973814,0.775,0.825,0.3667,-0.003738095238095429,4.666666666666667,2.142857142857143,0.0,0.0,0.345,2.25,1.0
2026-01-28,1784.18,1814.08,1784.18,1814.08,29301156,2.25,2.0,0.5,0.7,0.3,0.2828,1.0,22.0,0.0,0.0,0.0,0.0,0.0,0.0,0.0,1771.2199999999998,1706.931,1741.3065818906048,1.09005975463341,2.4198010410903295,6.277289474501306,1.6482183806667767,1.1539584047962859,0.345,0.775,0.825,-0.07952857142857161,4.666666666666667,0.42857142857142855,0.0,0.0,0.5,-0.82,0.0
2026-01-29,1824.05,1829.03,1794.15,1799.13,32224002,-0.82,0.0,0.0,0.0,0.0,0.0,0.0,0.0,0.0,0.0,0.0,0.0,0.0,0.0,0.0,1780.19,1719.6395,1750.2024923689733,9.975190057347906,1.0639313781113282,4.622509543424661,1.9387148232756877,1.3672710045927212,0.5,0.345,0.775,-0.25214761904761923,4.0,0.0,0.0,0.0,0.0,-1.66,0.0
2026-01-30,1784.18,1794.15,1769.23,1769.23,40825139,-1.66,1.0,0.9,0.9,0.9,0.0,1.0,78.0,0.0,0.0,0.0,0.0,0.0,0.0,0.0,1781.188,1729.1084999999998,1753.129801235285,26.691709490335814,-0.6713496834696889,2.320357571546274,1.4085223515314613,1.6737891145541572,0.0,0.5,0.345,-0.06357619047619051,1.0,1.0,0.0,0.0,0.9,-0.56,0.0
2026-02-02,1744.31,1759.26,1739.33,1759.26,28251381,-0.56,2.0,-0.1,0.5,-0.7,0.8485,0.5,27.0,0.0,0.0,0.0,0.0,0.0,0.0,0.0,1783.182,1733.843,1754.072908737549,-30.799057414109477,-1.3415344031063585,1.46593434353629,1.1328626808999276,1.6386823975377258,0.9,0.0,0.5,-0.19690476190476197,1.0,2.0,0.0,0.0,-0.1,1.98,1.0
2026-02-03,1804.11,1804.11,1779.2,1794.15,26744162,1.98,0.0,0.0,0.0,0.0,0.0,0.0,0.0,0.0,0.0,0.0,0.0,0.0,0.0,0.0,1787.17,1738.5775,1760.2386150856182,-5.335027692982508,0.3905616141721279,3.196435016558076,1.388401192765368,1.7636099341974656,-0.1,0.9,0.0,-0.07904761904761909,1.0,0.0,0.0,0.0,0.0,-0.83,0.0
2026-02-04,1779.2,1799.13,1769.23,1779.2,26952301,-0.83,4.0,0.225,0.8,-0.15,0.4628,0.5,3.75,0.0,0.0,0.0,0.0,0.0,0.0,0.0,1780.1940000000002,1744.06,1763.1557512262923,0.7782595693220928,-0.05583661106599291,2.0148389390273325,1.6805305755395734,1.3817090866025272,0.0,-0.1,0.9,-0.22547619047619058,2.0,2.0,0.0,0.0,0.225,-1.12,0.0
2026-02-05,1759.26,1774.21,1754.28,1759.26,26299986,-1.12,2.0,0.7,0.75,0.65,0.0707,1.0,-1.5,0.0,0.0,0.0,0.0,0.0,0.0,0.0,1772.22,1748.047,1762.556404883786,-2.420257179526153,-0.7312861834309531,0.6414587250800445,1.1328626808999276,1.41188526446025,0.225,0.0,-0.1,-0.009523809523809657,2.0,1.0,0.0,0.0,0.7,0.85,1.0
2026-02-06,1739.33,1774.21,1734.34,1774.21,33263592,0.85,2.0,0.875,0.9,0.85,0.0354,1.0,91.5,0.0,0.0,0.0,0.0,0.0,0.0,0.0,1773.216,1753.0305,1764.3492656708959,26.47760344815393,0.05605634056991038,1.2081649463600297,2.247197344170088,1.311422891366469,0.7,0.225,0.0,0.22857142857142854,2.6666666666666665,0.75,0.0,0.0,0.875,1.97,1.0
2026-02-09,1824.05,1829.03,1809.1,1809.1,36529289,1.97,0.0,0.0,0.0,0.0,0.0,0.0,0.0,0.0,0.0,0.0,0.0,0.0,0.0,0.0,1783.184,1759.2604999999999,1771.2339940292197,9.817631842045206,1.4533553463916196,2.832980107266664,1.101652755513795,1.4868254773173577,0.875,0.7,0.225,0.15357142857142847,1.3333333333333333,0.0,0.0,0.0,0.0,3.58,1.0
2026-02-10,1839.0,1873.89,1834.02,1873.89,41859169,3.58,3.0,0.1833,0.95,-0.25,0.6658,0.3333,33.3333,0.0,0.0,0.0,0.0,0.0,0.0,0.0,1799.132,1767.7329999999997,1787.027225717032,14.59070281931849,4.155225964520671,6.0052621068906,2.1276595744680913,1.962307315381561,0.0,0.875,0.7,0.08372380952380942,1.6666666666666667,1.7999999999999998,0.0,0.0,0.1833,1.86,1.0
2026-02-11,1873.89,1918.74,1868.9,1908.77,40488310,1.86,4.0,0.7625,0.95,0.6,0.1493,1.0,40.0,0.0,0.0,0.0,0.0,0.0,0.0,0.0,1825.0459999999998,1777.9495000000002,1805.756883299027,-3.2749312343013814,4.587500808198816,7.357942393751893,2.6111055810810058,1.7275618657518426,0.1833,0.0,0.875,-0.07699047619047628,2.3333333333333335,1.7142857142857142,0.0,0.0,0.7625,-0.78,0.0
2026-02-23,1893.82,1928.71,1893.82,1893.82,69816209,-0.78,6.0,0.375,0.9,-0.3,0.4612,0.6667,67.1667,0.0,0.0,0.0,0.0,0.0,0.0,0.0,1851.9579999999999,1788.4155000000003,1819.3050550991768,72.435473350209,2.2604184328154355,5.893736662425461,1.8423081391050946,1.604503038326817,0.7625,0.1833,0.0,-0.005561904761904823,4.333333333333333,1.3846153846153848,0.0,0.0,0.375,3.42,1.0
2026-02-24,1908.77,1968.58,1908.77,1958.61,40961679,3.42,0.0,0.0,0.0,0.0,0.0,0.0,0.0,0.0,0.0,0.0,0.0,0.0,0.0,0.0,1888.8379999999997,1799.6290000000001,1840.7365850839187,-41.32927068555098,3.6939112830216345,8.834098583652505,3.053696243764708,1.7507998172263974,0.375,0.7625,0.1833,-0.03451904761904767,3.3333333333333335,0.0,0.0,0.0,0.0,2.54,1.0
2026-02-25,1988.51,2018.41,1988.51,2008.45,40832607,2.54,11.0,0.6773,0.95,0.1,0.2582,0.9091,66.1818,0.0,0.0,0.0,0.0,0.0,0.0,0.0,1928.708,1812.3375,1866.538648917162,-0.31510427099435967,4.13447758810561,10.820970155945012,1.4887101994075078,1.7660351072388074,0.0,0.375,0.7625,-0.059676190476190605,5.666666666666667,1.9411764705882353,0.0,0.0,0.6773,-0.99,0.0
2026-02-26,1993.5,2003.46,1988.51,1988.51,58561388,-0.99,4.0,0.375,0.95,-0.25,0.6384,0.5,10.75,0.0,0.0,0.0,0.0,0.0,0.0,0.0,1951.632,1823.3015,1885.3034721606755,43.41819516936549,1.8895980389745572,9.06095344077762,0.7518192013115371,1.9922098283062422,0.6773,0.0,0.375,0.011752380952380848,5.0,0.8,0.0,0.0,0.375,-1.0,0.0
2026-03-02,1933.69,1988.51,1933.69,1968.58,48884884,-1.0,4.0,0.4125,0.7,0.05,0.281,0.75,45.75,0.0,0.0,0.0,0.0,0.0,0.0,0.0,1963.5939999999998,1835.0135000000002,1898.1152456744178,-16.523693051810863,0.253922144801833,7.278774788305354,2.7847483973219243,2.1622488293441133,0.375,0.6773,0.0,0.09032380952380942,6.333333333333333,0.6315789473684211,0.0,0.0,0.4125,-2.03,0.0
2026-03-03,1963.59,1973.56,1928.71,1928.71,43090471,-2.03,0.0,0.0,0.0,0.0,0.0,0.0,0.0,0.0,0.0,0.0,0.0,0.0,0.0,0.0,1970.5720000000001,1843.7350000000001,1902.8221309552766,-11.853179399996117,-2.1243578006791974,4.608851055059426,2.3253884720875564,2.4236480767636186,0.4125,0.375,0.6773,-0.10925714285714305,2.6666666666666665,0.0,0.0,0.0,0.0,-3.62,0.0
2026-03-04,1888.84,1903.79,1858.93,1858.93,68160943,-3.62,1.0,0.85,0.85,0.85,0.0,1.0,28.0,0.0,0.0,0.0,0.0,0.0,0.0,0.0,1950.636,1848.4695,1896.0694954236956,58.18101176011745,-4.70133843525906,0.5659006004697474,2.4132162050211625,2.2613602101390193,0.0,0.4125,0.375,0.03657619047619037,1.6666666666666667,0.6,0.0,0.0,0.85,1.88,1.0
2026-03-05,1933.69,1953.63,1888.84,1893.82,48120463,1.88,1.0,0.65,0.65,0.65,0.0,1.0,42.0,0.0,0.0,0.0,0.0,0.0,0.0,0.0,1927.7099999999998,1855.6960000000004,1895.7234192046656,-29.401705900694473,-1.7580445191444707,2.0544313292694256,3.4211276678881934,2.006506915014247,0.85,0.0,0.4125,0.07645714285714278,0.6666666666666666,1.5,0.0,0.0,0.65,-0.53,0.0
2026-03-06,1873.89,1893.82,1873.89,1883.85,30082724,-0.53,0.0,0.0,0.0,0.0,0.0,0.0,0.0,0.0,0.0,0.0,0.0,0.0,0.0,0.0,1906.7779999999998,1861.1779999999999,1893.8967393270248,-37.484549972015024,-1.2024472696873933,1.2181532341345118,1.0579398572073062,2.026240360865411,0.65,0.85,0.0,0.07645714285714278,0.6666666666666666,0.0,0.0,0.0,0.0,-4.23,0.0
2026-03-09,1769.23,1804.11,1764.24,1804.11,76459172,-4.23,0.0,0.0,0.0,0.0,0.0,0.0,0.0,0.0,0.0,0.0,0.0,0.0,0.0,0.0,1873.884,1860.6795000000002,1880.0833948151746,154.16306049944146,-3.7234962249530983,-3.040260292006242,2.2099539385070694,2.468872212164897,0.0,0.65,0.85,-0.11011904761904776,0.3333333333333333,0.0,0.0,0.0,0.0,2.21,1.0
2026-03-10,1863.92,1883.85,1824.05,1843.98,41375691,2.21,4.0,0.4875,0.65,0.25,0.1702,1.0,35.75,0.0,0.0,0.0,0.0,0.0,0.0,0.0,1856.938,1862.9219999999998,1874.529026382071,-45.88524840420715,-0.6978154359488622,-1.0167897528720893,3.2429852818360265,3.0006615937156247,0.0,0.0,0.65,-0.180357142857143,1.3333333333333333,3.0,0.0,0.0,0.4875,4.86,1.0
2026-03-11,1878.87,1943.66,1868.9,1933.69,36167313,4.86,0.0,0.0,0.0,0.0,0.0,0.0,0.0,0.0,0.0,0.0,0.0,0.0,0.0,0.0,1871.8899999999999,1871.145,1883.6307146309832,-12.588014542161963,3.301476048272077,3.3426057307156887,3.866183307562225,3.416894789132377,0.4875,0.0,0.0,-0.12142857142857155,1.3333333333333333,0.0,0.0,0.0,0.0,-2.84,0.0
2026-03-12,1893.82,1908.77,1878.87,1878.87,34040589,-2.84,2.0,0.425,0.85,0.0,0.601,0.5,7.0,0.0,0.0,0.0,0.0,0.0,0.0,0.0,1868.9,1877.1255,1882.8982969954473,-5.8802377716033245,0.5334688854406228,0.09293464928156316,1.5913820541069947,3.697530256806561,0.0,0.4875,0.0,-0.040476190476190554,2.0,1.0,0.0,0.0,0.425,-1.06,0.0
2026-03-13,1834.02,1878.87,1834.02,1858.93,31214304,-1.06,0.0,0.0,0.0,0.0,0.0,0.0,0.0,0.0,0.0,0.0,0.0,0.0,0.0,0.0,1863.916,1880.3645000000001,1879.2108666884553,-8.302691237216841,-0.2675013251670073,-1.1399119691953379,2.4126782611502264,3.7202513355954854,0.425,0.0,0.4875,-0.08154761904761915,0.6666666666666666,0.0,0.0,0.0,0.0,-1.07,0.0
2026-03-16,1868.9,1873.89,1839.0,1839.0,31249086,-1.07,5.0,-0.35,0.5,-0.8,0.6285,0.2,28.2,0.0,0.0,0.0,0.0,0.0,0.0,0.0,1870.8939999999998,1883.3545000000001,1873.024579505616,0.1114296830068584,-1.704746500870695,-2.3550797260951213,1.8972267536704785,3.0804139332239084,0.0,0.425,0.0,-0.055357142857142966,2.3333333333333335,2.142857142857143,0.0,0.0,-0.35,1.69,1.0
2026-03-17,1875.0,1880.0,1860.0,1870.0,23812211,1.69,4.0,-0.2,0.5,-0.8,0.5715,0.25,31.75,0.0,0.0,0.0,0.0,0.0,0.0,0.0,1876.098,1888.8915000000002,1872.5592595816752,-23.798696064262494,-0.3250363253945133,-1.000136852752007,1.06951871657754,3.012910552937141,-0.35,0.0,0.425,-0.23511904761904776,3.0,1.3333333333333333,0.0,0.0,-0.2,1.87,1.0
2026-03-18,1900.0,1910.0,1890.0,1905.0,23068156,1.87,2.0,0.55,0.8,0.3,0.3536,1.0,64.5,0.0,0.0,0.0,0.0,0.0,0.0,0.0,1870.36,1895.431,1877.550142722956,-3.1246783425529,1.8520498727517751,0.5048455997606855,1.0498687664041995,2.0180113973910037,-0.2,-0.35,0.0,-0.13035714285714298,3.6666666666666665,0.5454545454545455,0.0,0.0,0.55,-2.89,0.0
2026-03-19,1875.0,1880.0,1850.0,1850.0,31040569,-2.89,1.0,0.95,0.95,0.95,0.0,1.0,-26.0,0.0,0.0,0.0,0.0,0.0,0.0,0.0,1864.586,1897.476,1873.3116592271167,34.56025267039116,-0.782264803017936,-2.502060632123943,1.6216216216216217,2.033917402452713,0.55,-0.2,-0.35,0.23690476190476184,2.3333333333333335,0.42857142857142855,0.0,0.0,0.95,-0.54,0.0
2026-03-20,1860.0,1870.0,1840.0,1840.0,46312322,-0.54,1.0,0.9,0.9,0.9,0.0,1.0,45.0,0.0,0.0,0.0,0.0,0.0,0.0,0.0,1860.8,1895.7815000000003,1868.186788576791,49.199333298303905,-1.1177987962166787,-2.9424013263132,1.6304347826086956,1.9978037941699858,0.95,0.55,-0.2,0.47499999999999976,1.3333333333333333,0.75,0.0,0.0,0.9,-1.63,0.0
2026-03-24,1850.0,1850.0,1800.0,1810.0,27001025,0.0,3.0,-0.0333,0.5,-0.3,0.4619,0.3333,25.6667,0.0,0.0,0.0,0.0,0.0,0.0,0.0,1843.0,1886.652,1851.660363418886,-22.639700806934705,-1.7905588714053173,-4.0628584391822145,2.7624309392265194,1.7862166721873334,0.0929,0.9,0.95,0.047066666666666535,3.6666666666666665,0.8181818181818182,0.0,0.0,-0.0333,1.93,1.0
2026-03-26,1850.0,1865.0,1840.0,1840.0,20958470,-0.27,6.0,0.05,0.95,-0.75,0.6356,0.5,21.6667,5.0,0.7,0.95,0.45,0.2179,1.0,1.0,1829.0,1872.5490000000002,1848.9994317969538,-48.83690671134976,0.6014215418261345,-1.7382188663687947,1.358695652173913,1.2936653353939689,-0.05,-0.0333,0.0929,-0.36247142857142867,5.666666666666667,1.0588235294117647,0.0,0.0,-0.6499999999999999,-1.09,0.0
